{"cameraMode":{"drawMode":0,"name":"Shaded","section":"Shading Mode"},"sceneLighting":true,"audioPlay":false,"sceneViewState":{"showFog":true,"showMaterialUpdate":false,"showSkybox":true,"showFlares":true,"showImageEffects":true,"showParticleSystems":true},"in2DMode":false,"pivot":{"x":0.3245198428630829,"y":1.0180150270462037,"z":-1.4272334575653077},"rotation":{"x":0.17750053107738496,"y":-0.02420894429087639,"z":0.0043668062426149849,"w":0.9838161468505859},"size":12.090689659118653,"orthographic":false}