{"cameraMode":{"drawMode":0,"name":"Shaded","section":"Shading Mode"},"sceneLighting":true,"audioPlay":false,"sceneViewState":{"showFog":true,"showMaterialUpdate":false,"showSkybox":true,"showFlares":true,"showImageEffects":true,"showParticleSystems":true},"in2DMode":false,"pivot":{"x":263.4047546386719,"y":73.38960266113281,"z":3.0283660888671877},"rotation":{"x":0.007495785132050514,"y":-0.032992713153362277,"z":0.0002474819775670767,"w":0.9994277954101563},"size":175.36605834960938,"orthographic":false}