{"cameraMode":{"drawMode":0,"name":"Shaded","section":"Shading Mode"},"sceneLighting":true,"audioPlay":false,"sceneViewState":{"showFog":true,"showMaterialUpdate":false,"showSkybox":true,"showFlares":true,"showImageEffects":true,"showParticleSystems":true},"in2DMode":false,"pivot":{"x":97.62102508544922,"y":9.138716697692871,"z":285.2093505859375},"rotation":{"x":-0.2739720046520233,"y":-0.10733972489833832,"z":0.030796073377132417,"w":-0.9552522897720337},"size":40.262760162353519,"orthographic":false}