{"cameraMode":{"drawMode":0,"name":"Shaded","section":"Shading Mode"},"sceneLighting":true,"audioPlay":false,"sceneViewState":{"showFog":true,"showMaterialUpdate":false,"showSkybox":true,"showFlares":true,"showImageEffects":true,"showParticleSystems":true},"in2DMode":false,"pivot":{"x":90.89435577392578,"y":-7.509311676025391,"z":130.9312744140625},"rotation":{"x":0.04158589988946915,"y":-0.8955746293067932,"z":0.08569653332233429,"w":0.4345978796482086},"size":151.21408081054688,"orthographic":false}