{"cameraMode":{"drawMode":0,"name":"Shaded","section":"Shading Mode"},"sceneLighting":true,"audioPlay":false,"sceneViewState":{"showFog":true,"showMaterialUpdate":false,"showSkybox":true,"showFlares":true,"showImageEffects":true,"showParticleSystems":true},"in2DMode":false,"pivot":{"x":61.79044723510742,"y":-118.87797546386719,"z":42.229248046875},"rotation":{"x":0.00041138220694847405,"y":0.9740614891052246,"z":-0.22633244097232819,"w":0.0017529170727357269},"size":312.9044189453125,"orthographic":false}