{"cameraMode":{"drawMode":0,"name":"Shaded","section":"Shading Mode"},"sceneLighting":false,"audioPlay":false,"sceneViewState":{"showFog":true,"showMaterialUpdate":false,"showSkybox":false,"showFlares":true,"showImageEffects":true,"showParticleSystems":true},"in2DMode":false,"pivot":{"x":0.01710200309753418,"y":1.319570779800415,"z":0.011838078498840332},"rotation":{"x":-0.0071028354577720169,"y":0.9845169186592102,"z":-0.17032545804977418,"w":-0.04107832536101341},"size":5.764351844787598,"orthographic":false}