{"cameraMode":{"drawMode":0,"name":"Shaded","section":"Shading Mode"},"sceneLighting":true,"audioPlay":false,"sceneViewState":{"showFog":true,"showMaterialUpdate":false,"showSkybox":true,"showFlares":true,"showImageEffects":true,"showParticleSystems":true},"in2DMode":false,"pivot":{"x":63.83974075317383,"y":11.504440307617188,"z":302.504638671875},"rotation":{"x":0.00029672152595594525,"y":-0.9457881450653076,"z":0.32490572333335879,"w":0.0008787163533270359},"size":24.448917388916017,"orthographic":false}