{"cameraMode":{"drawMode":0,"name":"Shaded","section":"Shading Mode"},"sceneLighting":true,"audioPlay":false,"sceneViewState":{"showFog":true,"showMaterialUpdate":false,"showSkybox":true,"showFlares":true,"showImageEffects":true,"showParticleSystems":true},"in2DMode":false,"pivot":{"x":353.0617980957031,"y":288.474853515625,"z":-4.205696105957031},"rotation":{"x":0.0743296816945076,"y":-0.010466214269399643,"z":0.0008350942516699433,"w":0.9972212314605713},"size":99.44339752197266,"orthographic":false}