{"cameraMode":{"drawMode":0,"name":"Shaded","section":"Shading Mode"},"sceneLighting":false,"audioPlay":false,"sceneViewState":{"showFog":true,"showMaterialUpdate":false,"showSkybox":false,"showFlares":true,"showImageEffects":true,"showParticleSystems":true},"in2DMode":false,"pivot":{"x":-10.399999618530274,"y":-1.0999999046325684,"z":86.5},"rotation":{"x":0.018496397882699968,"y":0.9803237915039063,"z":-0.16112051904201508,"w":0.1125379353761673},"size":4.0416579246521,"orthographic":true}