{"cameraMode":{"drawMode":0,"name":"Shaded","section":"Shading Mode"},"sceneLighting":false,"audioPlay":false,"sceneViewState":{"showFog":true,"showMaterialUpdate":false,"showSkybox":false,"showFlares":true,"showImageEffects":true,"showParticleSystems":true},"in2DMode":false,"pivot":{"x":28.670127868652345,"y":-51.91650390625,"z":130.123779296875},"rotation":{"x":-0.008508102037012577,"y":0.9415133595466614,"z":-0.33612269163131716,"w":-0.024044092744588853},"size":96.822265625,"orthographic":false}