{"cameraMode":{"drawMode":0,"name":"Shaded","section":"Shading Mode"},"sceneLighting":true,"audioPlay":false,"sceneViewState":{"showFog":true,"showMaterialUpdate":false,"showSkybox":true,"showFlares":true,"showImageEffects":true,"showParticleSystems":true},"in2DMode":false,"pivot":{"x":53.03024673461914,"y":79.7041015625,"z":230.75863647460938},"rotation":{"x":-0.0005950676277279854,"y":0.999106764793396,"z":-0.03988590091466904,"w":-0.016195222735404969},"size":42.27079391479492,"orthographic":true}