{"cameraMode":{"drawMode":0,"name":"Shaded","section":"Shading Mode"},"sceneLighting":false,"audioPlay":false,"sceneViewState":{"showFog":true,"showMaterialUpdate":false,"showSkybox":false,"showFlares":true,"showImageEffects":true,"showParticleSystems":true},"in2DMode":false,"pivot":{"x":-0.0015511512756347657,"y":0.2853870391845703,"z":-0.20476937294006349},"rotation":{"x":0.019070664420723916,"y":0.9809084534645081,"z":-0.13263192772865296,"w":0.14102956652641297},"size":21.188701629638673,"orthographic":true}