{"cameraMode":{"drawMode":0,"name":"Shaded","section":"Shading Mode"},"sceneLighting":true,"audioPlay":false,"sceneViewState":{"showFog":true,"showMaterialUpdate":false,"showSkybox":true,"showFlares":true,"showImageEffects":true,"showParticleSystems":true},"in2DMode":false,"pivot":{"x":60.999996185302737,"y":110.80999755859375,"z":244.73001098632813},"rotation":{"x":0.010089707560837269,"y":0.9862787127494812,"z":-0.15148304402828217,"w":0.0658007487654686},"size":14.000714302062989,"orthographic":false}