{"cameraMode":{"drawMode":0,"name":"Shaded","section":"Shading Mode"},"sceneLighting":true,"audioPlay":false,"sceneViewState":{"showFog":true,"showMaterialUpdate":false,"showSkybox":true,"showFlares":true,"showImageEffects":true,"showParticleSystems":true},"in2DMode":false,"pivot":{"x":52.951751708984378,"y":9.998170852661133,"z":314.7201232910156},"rotation":{"x":-0.016328612342476846,"y":-0.9421485662460327,"z":0.33157554268836977,"w":-0.04639429599046707},"size":49.0760612487793,"orthographic":false}