{"cameraMode":{"drawMode":0,"name":"Shaded","section":"Shading Mode"},"sceneLighting":true,"audioPlay":false,"sceneViewState":{"showFog":true,"showMaterialUpdate":false,"showSkybox":true,"showFlares":true,"showImageEffects":true,"showParticleSystems":true},"in2DMode":false,"pivot":{"x":56.45909881591797,"y":11.514232635498047,"z":290.3841552734375},"rotation":{"x":0.1015772894024849,"y":-0.8978071212768555,"z":0.32052165269851687,"w":0.2845573425292969},"size":95.5278549194336,"orthographic":false}