{"cameraMode":{"drawMode":0,"name":"Shaded","section":"Shading Mode"},"sceneLighting":true,"audioPlay":false,"sceneViewState":{"showFog":true,"showMaterialUpdate":false,"showSkybox":true,"showFlares":true,"showImageEffects":true,"showParticleSystems":true},"in2DMode":false,"pivot":{"x":56.66219711303711,"y":9.9981689453125,"z":299.3638610839844},"rotation":{"x":-0.06683293730020523,"y":-0.9191228747367859,"z":0.3453206717967987,"w":-0.17776598036289216},"size":49.0760612487793,"orthographic":false}