{"cameraMode":{"drawMode":0,"name":"Shaded","section":"Shading Mode"},"sceneLighting":false,"audioPlay":false,"sceneViewState":{"showFog":true,"showMaterialUpdate":false,"showSkybox":false,"showFlares":true,"showImageEffects":true,"showParticleSystems":true},"in2DMode":false,"pivot":{"x":60.28744125366211,"y":74.05423736572266,"z":40.51213073730469},"rotation":{"x":-0.01036917045712471,"y":-0.865445613861084,"z":0.5005878806114197,"w":-0.017918892204761506},"size":34.96135330200195,"orthographic":false}