{"cameraMode":{"drawMode":0,"name":"Shaded","section":"Shading Mode"},"sceneLighting":false,"audioPlay":false,"sceneViewState":{"showFog":true,"showMaterialUpdate":false,"showSkybox":false,"showFlares":true,"showImageEffects":true,"showParticleSystems":true},"in2DMode":false,"pivot":{"x":81.19600677490235,"y":12.30914306640625,"z":277.9704284667969},"rotation":{"x":0.015145855955779553,"y":0.9266390800476074,"z":-0.03754939138889313,"w":0.3737676739692688},"size":11.418670654296875,"orthographic":true}