{"cameraMode":{"drawMode":0,"name":"Shaded","section":"Shading Mode"},"sceneLighting":true,"audioPlay":false,"sceneViewState":{"showFog":true,"showMaterialUpdate":false,"showSkybox":true,"showFlares":true,"showImageEffects":true,"showParticleSystems":true},"in2DMode":false,"pivot":{"x":7.305966854095459,"y":-605.6832275390625,"z":-725.50146484375},"rotation":{"x":0.022215062752366067,"y":-0.956108808517456,"z":0.28261232376098635,"w":0.07533663511276245},"size":1459.7674560546875,"orthographic":false}