{"cameraMode":{"drawMode":0,"name":"Shaded","section":"Shading Mode"},"sceneLighting":true,"audioPlay":false,"sceneViewState":{"showFog":true,"showMaterialUpdate":false,"showSkybox":true,"showFlares":true,"showImageEffects":true,"showParticleSystems":true},"in2DMode":false,"pivot":{"x":40.529998779296878,"y":10.629999160766602,"z":300.2099914550781},"rotation":{"x":-0.024179011583328248,"y":0.9646205306053162,"z":-0.24466940760612489,"w":-0.09553711116313935},"size":2.171184539794922,"orthographic":true}