{"cameraMode":{"drawMode":0,"name":"Shaded","section":"Shading Mode"},"sceneLighting":true,"audioPlay":false,"sceneViewState":{"showFog":true,"showMaterialUpdate":false,"showSkybox":true,"showFlares":true,"showImageEffects":true,"showParticleSystems":true},"in2DMode":false,"pivot":{"x":74.0720443725586,"y":9.9981689453125,"z":313.3944396972656},"rotation":{"x":0.02055489830672741,"y":0.9324880838394165,"z":-0.35675153136253359,"w":0.0537935309112072},"size":49.0760612487793,"orthographic":false}