{"cameraMode":{"drawMode":0,"name":"Shaded","section":"Shading Mode"},"sceneLighting":true,"audioPlay":false,"sceneViewState":{"showFog":true,"showMaterialUpdate":false,"showSkybox":true,"showFlares":true,"showImageEffects":true,"showParticleSystems":true},"in2DMode":false,"pivot":{"x":222.69827270507813,"y":37.43608856201172,"z":246.85763549804688},"rotation":{"x":0.0005391545128077269,"y":-0.9826211929321289,"z":0.18582072854042054,"w":0.003254107665270567},"size":121.20987701416016,"orthographic":false}