{"cameraMode":{"drawMode":0,"name":"Shaded","section":"Shading Mode"},"sceneLighting":true,"audioPlay":false,"sceneViewState":{"showFog":true,"showMaterialUpdate":false,"showSkybox":true,"showFlares":true,"showImageEffects":true,"showParticleSystems":true},"in2DMode":false,"pivot":{"x":198.84512329101563,"y":18.880878448486329,"z":216.80877685546876},"rotation":{"x":0.26739174127578738,"y":-0.10667315870523453,"z":0.02986695058643818,"w":0.9572417140007019},"size":10.273674964904786,"orthographic":false}