{"cameraMode":{"drawMode":0,"name":"Shaded","section":"Shading Mode"},"sceneLighting":true,"audioPlay":false,"sceneViewState":{"showFog":true,"showMaterialUpdate":false,"showSkybox":true,"showFlares":true,"showImageEffects":true,"showParticleSystems":true},"in2DMode":false,"pivot":{"x":117.1102294921875,"y":11.18359375,"z":273.4609375},"rotation":{"x":-0.03163335844874382,"y":0.9522659182548523,"z":-0.2845812439918518,"w":-0.10585235059261322},"size":20.08108139038086,"orthographic":true}