{"cameraMode":{"drawMode":0,"name":"Shaded","section":"Shading Mode"},"sceneLighting":false,"audioPlay":false,"sceneViewState":{"showFog":true,"showMaterialUpdate":false,"showSkybox":false,"showFlares":true,"showImageEffects":true,"showParticleSystems":true},"in2DMode":false,"pivot":{"x":71.18424987792969,"y":13.512245178222657,"z":288.7708435058594},"rotation":{"x":0.061667099595069888,"y":-0.9278982281684876,"z":0.3218754231929779,"w":0.17777611315250398},"size":36.41019058227539,"orthographic":false}