{"cameraMode":{"drawMode":0,"name":"Shaded","section":"Shading Mode"},"sceneLighting":true,"audioPlay":false,"sceneViewState":{"showFog":true,"showMaterialUpdate":false,"showSkybox":true,"showFlares":true,"showImageEffects":true,"showParticleSystems":true},"in2DMode":false,"pivot":{"x":61.64954376220703,"y":81.03608703613281,"z":55.94792556762695},"rotation":{"x":0.007183650974184275,"y":0.9928932785987854,"z":-0.0874960646033287,"w":0.08089085668325424},"size":33.6580924987793,"orthographic":false}