{"cameraMode":{"drawMode":0,"name":"Shaded","section":"Shading Mode"},"sceneLighting":false,"audioPlay":false,"sceneViewState":{"showFog":true,"showMaterialUpdate":false,"showSkybox":false,"showFlares":true,"showImageEffects":true,"showParticleSystems":true},"in2DMode":false,"pivot":{"x":-2.793696403503418,"y":-0.17057228088378907,"z":-1.3741207122802735},"rotation":{"x":0.5097891092300415,"y":-0.03739890456199646,"z":0.022189898416399957,"w":0.8592013120651245},"size":16.81968116760254,"orthographic":true}