{"cameraMode":{"drawMode":0,"name":"Shaded","section":"Shading Mode"},"sceneLighting":true,"audioPlay":false,"sceneViewState":{"showFog":true,"showMaterialUpdate":false,"showSkybox":true,"showFlares":true,"showImageEffects":true,"showParticleSystems":true},"in2DMode":false,"pivot":{"x":58.29705047607422,"y":4.333939552307129,"z":287.5826416015625},"rotation":{"x":-0.000978008727543056,"y":-0.9766015410423279,"z":0.21521003544330598,"w":-0.0040879929438233379},"size":45.1610107421875,"orthographic":false}