{"cameraMode":{"drawMode":0,"name":"Shaded","section":"Shading Mode"},"sceneLighting":false,"audioPlay":false,"sceneViewState":{"showFog":true,"showMaterialUpdate":false,"showSkybox":false,"showFlares":true,"showImageEffects":true,"showParticleSystems":true},"in2DMode":false,"pivot":{"x":492.67999267578127,"y":212.9199981689453,"z":67.08000183105469},"rotation":{"x":-0.1835692971944809,"y":0.09007024765014649,"z":-0.01691691391170025,"w":-0.9787763357162476},"size":2.362220287322998,"orthographic":false}