{"cameraMode":{"drawMode":0,"name":"Shaded","section":"Shading Mode"},"sceneLighting":true,"audioPlay":false,"sceneViewState":{"showFog":true,"showMaterialUpdate":false,"showSkybox":true,"showFlares":true,"showImageEffects":true,"showParticleSystems":true},"in2DMode":false,"pivot":{"x":57.28334045410156,"y":76.56072998046875,"z":35.76416778564453},"rotation":{"x":0.0588080994784832,"y":-0.9112367033958435,"z":0.1399558037519455,"w":0.382900595664978},"size":29.169673919677736,"orthographic":false}