{"cameraMode":{"drawMode":0,"name":"Shaded","section":"Shading Mode"},"sceneLighting":false,"audioPlay":false,"sceneViewState":{"showFog":true,"showMaterialUpdate":false,"showSkybox":false,"showFlares":true,"showImageEffects":true,"showParticleSystems":true},"in2DMode":false,"pivot":{"x":354.03155517578127,"y":187.5,"z":117.95338439941406},"rotation":{"x":0.9702183604240418,"y":-0.012087777256965638,"z":0.049524083733558658,"w":0.23680974543094636},"size":504.2010498046875,"orthographic":true}