{"cameraMode":{"drawMode":0,"name":"Shaded","section":"Shading Mode"},"sceneLighting":true,"audioPlay":false,"sceneViewState":{"showFog":true,"showMaterialUpdate":false,"showSkybox":true,"showFlares":true,"showImageEffects":true,"showParticleSystems":true},"in2DMode":false,"pivot":{"x":228.05587768554688,"y":12.694721221923829,"z":260.93975830078127},"rotation":{"x":0.0014830955769866706,"y":0.994662344455719,"z":-0.10271230340003967,"w":0.013715263456106186},"size":263.6365051269531,"orthographic":false}