{"cameraMode":{"drawMode":0,"name":"Shaded","section":"Shading Mode"},"sceneLighting":false,"audioPlay":false,"sceneViewState":{"showFog":true,"showMaterialUpdate":false,"showSkybox":false,"showFlares":true,"showImageEffects":true,"showParticleSystems":true},"in2DMode":false,"pivot":{"x":-0.03157496452331543,"y":2.116422176361084,"z":-1.1266732215881348},"rotation":{"x":0.04350907355546951,"y":0.9095845222473145,"z":-0.09861890226602555,"w":0.40129590034484866},"size":13.93845272064209,"orthographic":true}