{"cameraMode":{"drawMode":0,"name":"Shaded","section":"Shading Mode"},"sceneLighting":true,"audioPlay":false,"sceneViewState":{"showFog":true,"showMaterialUpdate":false,"showSkybox":true,"showFlares":true,"showImageEffects":true,"showParticleSystems":true},"in2DMode":false,"pivot":{"x":64.27764129638672,"y":10.629999160766602,"z":305.01177978515627},"rotation":{"x":-0.014589673839509488,"y":-0.9289373755455017,"z":0.368229478597641,"w":-0.03677542135119438},"size":5.392735958099365,"orthographic":false}