{"cameraMode":{"drawMode":0,"name":"Shaded","section":"Shading Mode"},"sceneLighting":true,"audioPlay":false,"sceneViewState":{"showFog":true,"showMaterialUpdate":false,"showSkybox":true,"showFlares":true,"showImageEffects":true,"showParticleSystems":true},"in2DMode":false,"pivot":{"x":91.19798278808594,"y":-126.25215148925781,"z":64.31757354736328},"rotation":{"x":-0.016405221074819566,"y":-0.9632259011268616,"z":0.26129743456840517,"w":-0.06047743186354637},"size":305.7304382324219,"orthographic":false}